<root>
	<node index="01">
		<text>As you walk across the compound to Colonel Hood's command center, you take in the sights and sounds of the year's harvest. Enlisted men and women wheel carts full of produce to supply areas. You hope the bounty on display means your battalion will be able to avoid a repeat of last winter's violence and tight rationing.
Before long, you arrive at Colonel Hood's office: a partially destroyed farmhouse restored by army carpenters. Most of the workers were amateur volunteers, and Hood jokes about avoiding the second floor -- although, given the cluttered state of his office, you occasionally wonder if there's a kernel of truth to his words.</text>
		<response>
			<text>Knock on the door.</text>
			<change variable="nextPath" value="02" />
		</response>
		<response>
			<text>Head in.</text>
			<change variable="nextPath" value="03" />
		</response>
	</node>
	<node index="02">
		<text>You rap a few times, and hear Hood's voice: "Come in!"</text>
		<change variable="nextPath" value="03"/>
	</node>
	<node index="03">
		<text>You push open the door, revealing a spacious room made cramped by the amount of papers and administrative clutter laying around. A large map of Poland takes up one of the side walls, with markings added to represent the various friendly and hostile camps in the area. Hood, sitting at his desk, looks up, and tosses you a smallish box. "Congratulations, Lieutenant. You've just made Captain."
The box contains a pair of silver captain's bars. You look at the Colonel.</text>
		<response>
			<text>"What's this for?"</text>
			<change variable="nextPath" value="04"/>
		</response>
		<response>
			<text>"I'm honored"</text>
			<change variable="nextPath" value="05"/>
		</response>
		<response>
			<text>"I don't want 'em"</text>
			<change variable="nextPath" value="06"/>
		</response>
	</node>
	<node index="04">
		<text>Hood leans back in his chair. "Going away present. Thought I'd get you jewelry. Don't worry, it wasn't too expensive."</text>
		<change variable="nextPath" value="07"/>
	</node>
	<node index="05">
		<text>Hood shakes his head. "Hold off on the thanks until I tell you why you're getting those."</text>
		<change variable="nextPath" value="07" />
	</node>
	<node index="06">
		<text>Hood chuckles. "Smart. You don't have a choice, though."</text>
		<change variable="nextPath" value="07" />
	</node>
	<node index="07">
		<text>He continues: "Apparently, the Ukranians have an operational ICBM.  We've known about it for a while, but old Hohol, bless his soul, had the brains to leave the damn thing be. Since the coup, though, we've had reports that Petrenko's reactivating the facilities, fortifying the area, and even scouting potential targets. General White's seriously concerned that Petrenko's stupid enough to follow through."
Hood sighs. "That said, none of the NATO commanders are willing to risk reigniting full scale conflict. The silo needs to be taken out of comission, but no one's willing to send a full scale assault."
"I can't say I like where this is heading."
"Well, you've always had good instincts. White managed to convince the commanders to send an extremely small coalition force to attempt to disable the missile. You're going to be leading it."
"How small?"
"Four, plus you. Fortunately, they should be good soldiers, and we'll be able to supply you fairly well. I don't have much information on any of them, but they'll be trickling in over the next day, so you should have a small chance to talk to them yourself."
Hood pauses. "I can't say I envy your position, but I'm glad you're who we have in charge here. This isn't going to be a traditional command. You're not going to have any support out there. I expect many of the normal barriers of command are going to break down. At the end of the day, though, you're in command. Don't forget that."
Hood stands up and moves to shake your hand. "Sarah, I don't know if it helps, but I've got a lot of faith in you. You've got a demonstrated ability to make good command decicions in unconventional situations, and people trust you. It's not going to be easy, but if you can manage to take one more ICBM out of commission, a lot of us'll sleep better at night."
You thank Hood, and excuse yourself. You've got a lot to do.</text>
			<response>
				<text>Continue.</text>
				<change variable="nextPath" value="08"/>
				<increment variable="ammo" value="46"/>
			</response>
	</node>
	<node index="08">
		<text>You find Sgt. "Bull" Cassidy leading a work detail. He's pushing a cart full of carrots across a field, gathering piles dug up by enlisted men and women. The man is enormous: easily six feet tall, bulging with muscles, and features as Anglo-American as they get. He looks like a propagandist's day dream, and the image is reinforced when he tells you he worked on an agriplant in Iowa. You imagine him in overalls, smiling, rolling green hills in the background as he exhorts the viewer to ration. 
Johnson has less romantic ideas about his former life. "I joined the military to get out of this sort of bullshit. Now I'm back at it, except I don't have a tractor to haul the fucking carrots." He spits. "I tell you what, Captain, I'm already composing a thank you card for whoever gets me back in combat."</text>
		<response>
			<text>"It's your lucky day. That's why I'm here."</text>
			<change variable="nextPath" value="09"/>
		</response>
		<response>
			<text>"Most people wouldn't be so eager."</text>
			<change variable="nextPath" value="10" />
		</response>
	</node>
	<node index="09">
		<text>Johnson lets out a shout and claps you on the back. "Ha! Captain, you're about the first woman who's ever come to me with good news. What's the plan?" You fill him in on the rough details and give him the time and place you've picked out for briefing your team tomorrow. He nods, and walks off, smiling.</text>
		<response>
			<text>Continue.</text>
			<change variable="nextPath" value="20"/>
		</response>
	</node>
	<node index="10">
		<text>Johnson scowls. "Most people are pussies, ma'am, pardon me for saying so. Everything went to hell when they brought back the damn draft." You raise your eyebrows, and Johnson continues. "Back when I signed on, you could count on the fact that every damn man in the army was there by choice, ready and willing to kill. Then they recruited all these goddamn college students and women and, (no offense ma'am) they're not gonna be shit in a firefight. They don't even want to be here!" He shakes his head.</text>
		<response>
			<text>"Fair enough"</text>
			<change variable="nextPath" value = "12"/>
		</response>
		<response>
			<text>"You worried about serving under me, Sergeant?"</text>
			<change variable="nextPath" value = "13"/>
		</response>
	</node>
	<node index="12">
		<text>He shakes his head mournfully. "Not at all, Captain, not at all."</text>
		<change variable="nextPath" value = "14"/>
	</node>
	<node index="13">
		<text>Johnson holds up his hands. "Now, Captain, I never said that. I'm not prejudiced, ma'am, I'm just pointing out certain trends I've happened to notice, you understand?"</text>
		<change variable="nextPath" value = "14"/>
	</node>
	<node index="14">
		<text>You grunt, and tell Johnson about the operation. He's perhaps the first person you've ever seen smile at being told they're getting sent into combat. You fill him in on the rough details, and give him the time and place you've picked out for briefing tomorrow morning. He nods, and walks off, whistling.</text>
		<response>
			<text>Continue.</text>
			<change variable="nextPath" value = "20"/>
		</response>
	</node>
	<node index="20">
		<text>You're walking to the latrine when a thin, hard looking German woman approaches you. Her hair is shaved almost to her scalp, and when she speaks, it is with an accent: "You are Captain Howard?" You nod, and she snaps into a crisp salute. "Corporal Beate Adler, reporting from the Deutsche 26th Airborne."</text>
		<response>
			<text>Return her salute.</text>
			<change variable="nextPath" value = "21"/>
		</response>
		<response>
			<text>"At ease, Corporal."</text>
			<change variable="nextPath" value = "22"/>
		</response>
	</node>
	<node index="21">
		<text>You return her smart salute.</text>
		<change variable="nextPath" value = "23"/>
	</node>
	<node index="22">
		<text>"At ease, Corporal." You smile. "I appreciate the gesture, but we're a little more casual around here." She frowns, but nods, and relaxes.</text>
		<change variable="nextPath" value = "23"/>
	</node>
	<node index ="23">
		<text>"I'm glad to have you on the team, Corporal Adler, but I don't know as much about you as I'd like to. Your commander wasn't able to provide much info."
She nods. "General Feld is a busy man. I can answer any questions you have."</text>
		<response>
			<text>"What's your service record?"</text>
			<change variable="nextPath" value = "24"/>
		</response>
		<response>
			<text>"What can you do in combat?"</text>
			<change variable="nextPath" value = "25"/>
		</response>
	</node>
	<node index = "24">
		<text>Adler pauses for a moment. "Officially, I don't have one. I have spent most of my life serving in the Vereinegen Deutschland movement. I joined the 26th only 6 months ago, when they were passing through Berlin."</text>
		<change variable="nextPath" value = "26"/>
	</node>
	<node index = "25">
		<text>Adler shrugs to draw attention to the shotgun slung across her back. "I have experience with close quarters combat, especially in urban environments." She pauses a moment before adding: "As well as experience with guerrilla tactics. I suspect that is one of the reasons for my selection."
You raise your eyebrows. "That's an unusual collection of skills."
She nods. "Indeed. Much of my life was spent in service to the Vereignen Deutschland movement. I have found my skillset often differs from the conventional serviceman's."</text>
		<change variable="nextPath" value="26"/>
	</node>
	<node index = "26">
		<text>.</text>
		<response>
			<text>"The Vereigenen Deutschland movement?"</text>
			<change variable= "nextPath" value = "27"/>
		</response>
		<response>
			<text>"Vereigenen Deutschland--as in the terrorist group?"</text>
			<change variable = "nextPath" value = "28"/>
		</response>
	</node>
	<node index = "27">
		<text>"Yes," she replies. "It translates to ‘Unite Germany.' Our organization was centered primarily in Berlin. Our goal was to see all of the German people living free under democratic government." You wait for her to continue, but she doesn't.</text>
		<change variable = "nextPath" value = "29"/>
	</node>
	<node index = "28">
		<text>Adler shrugs. "We were different things to different people."</text>
		<change variable = "nextPath" value = "29"/>
	</node>
	<node index = "29">
		<text>"Hm," you say, considering. "How did you end up with the 26th?"
Adler adjusts a strap on her pack. "When the German Army was pushed back across the Dore river by Warsaw Pact forces, they retreated to Berlin to resupply and enlist new soldiers. I was enlisted." She seems reluctant to offer much more detail. You nod, give her details of where to go tomorrow morning, and grab a private coming out of the latrines, telling him to show Beate to an empty bunk for the night.</text>
		<response>
			<text>Continue.</text>
			<change variable = "nextPath" value = "30"/>
		</response>
	</node>
	<node index = "30">
		<text>That night, you're playing cards in the officers club when a truck rolls up. You, along with a number of the others, go outside to investigate. A woman in French fatigues with a medic's armband jumps out of the back. "I'm looking for Captain Howard."
You step forward. "You found her. You're Karine Merle?"
The woman nods. "Oui. I need directions to the medical facilities. I have patients that need care."
"Of course," you say. "I'll give the driver directions and ride in the back with you."
You do so, and look around the truck. The truck is full of 8 or 10 wounded French soldiers with varying degrees of injury. Karine notices your gaze. "They're suffering from infection. We're low on antibiotics, and these men are allergic to everything we have left. So we're bringing them down to you." She turns back to the road. "You get me, they get antibiotics."</text>
		<response>
			<text>"A fair trade."</text>
			<change variable = "nextPath" value = "31"/>
		</response>
		<response>
			<text>"None of the other team members had to be bribed."</text>
			<change variable = "nextPath" value = "32"/>
		</response>
	</node>
	<node index = "31">
		<text>She shrugs. "A humane one."</text>
		<change variable = "nextPath" value = "33"/>
	</node>
	<node index = "32">
		<text>Karine glares at you. "I find it hard to cast the preservation of eight lives in those terms."</text>
		<change variable = "nextPath" value = "33"/>
	</node>
	<node index = "33">
		<text>"Watching a patient die is awful. Watching one die due to a problem we solved almost 100 years ago is an outrage. I took actions to prevent that."
You decide to change the subject. "I understand you've never seen combat, Corpral Merle."
She nods. "That's correct. I'm not looking forward to it. And I've seen enough injuries to be scared. But," she adds, sighing, "it appears that is where I am headed. And I believe our mission is just. The world has had enough missile launches."
"Agreed."
The truck pulls up to the medical tent, and you and Karine open the back. The soldiers who are able to walk get out, and various doctors begin bringing other wounded inside. The head doctor, Lieutenant Rollins, approaches you and Karine. "Captain, I hate to steal your woman away from you here, but we've got to talk about these soldiers."
You nod. "Of course." You give Karine the details about the briefing tomorrow, and head off.</text>
		<response>
			<text>Continue.</text>
			<change variable = "nextPath" value = "40"/>
		</response>
	</node>
	<node index = "40">
		<text> Lachlan Magoro shows up at 0400 hours. When you get up at 0500, you find him outside your tent, laying on his side sleeping, using his pack as a pillow. You gently nudge the young man with your foot, and he comes to, blearily rubbing his eyes and looking around. Noticing you, he opens his eyes a little wider, and comes to attention. Stifling a yawn, he speaks: "Private Lachlan Magoro reporting, Captain Howard."</text>
		<response>
			<text>"At ease. You picked an odd place to nap."</text>
			<change variable = "nextPath" value = "41"/>
		</response>
		<response>
			<text>"The outside of my tent isn't a bunkroom, Private."</text>
			<change variable = "nextPath" value = "41"/>
		</response>
	</node>
	<node index = "41">
		<text>He flinches a little. "Yes, ma'am. I arrived about an hour ago and wasn't sure where to go. Someone pointed out your tent, but I didn't want to disturb you. So I figured I'd get some sleep."</text>
		<response>
			<text>"Don't worry about it."</text>
			<change variable = "nextPath" value = "42"/>
		</response>
		<response>
			<text>"I hope you'll be more disciplined in the field."</text>
			<change variable = "nextPath" value = "43"/>
		</response>
	</node>
	<node index = "42">
		<text>"That's alright, Private. I'm not one to begrudge one of my men for catching up on sleep. Just try not to do it in a firefight." Magoro laughs weakly. "Yes, ma'am."</text>
		<change variable = "nextPath" value = "44"/>
	</node>
	<node index = "43">
		<text>"Not the best first impression, Private. I hope you'll be more alert when you're on sentry duty."</text>
		<change variable = "nextPath" value = "44"/>
	</node>
	<node index = "44">
		<text>Magoro clears his throat. "Yes, ma'am. I just haven't slept in probably 36 hours. Not that I'm making excuses."
You look him up and down. "Did you come alone?"
He nods. "I've been serving as a sniper for the past few months, so I've got training moving independently. And General Bailey couldn't spare troops for an escort."
"That certainly makes things simpler." You tell Magoro about the briefing in a few hours, and he slouches off, presumably to get some more sleep.</text>
		<response>
			<text>Continue.</text>
			<change variable = "nextPath" value = "50"/>
			<change variable = "medicine" value = "4"/>
		</response>
	</node>
	<node index = "50">
		<text>The briefing goes smoothly. The team, to their credit, seems to take the strangeness of the operation in stride, and your confidence is bolstered. Gathering some supplies, you set off.
At about 1400, you're trudging through a hilly forest, moving through light underbrush and maple trees. Here and there, pockmarks from old firefights dot the landscape: a crater filling slowly with fallen leaves, tree trunks splintered from gunfire, long bare patches left by aircraft on strafing runs. Now and then, there's a dead body, bloated and buzzing with flies.</text>
		<response>
			<text>You've set standing orders to search any corpse the team sees.</text>
			<change variable = "nextPath" value = "51"/>
			<increment variable = "ammo" value = "3"/>
		</response>
		<response>
			<text>The dead make you think of the early days of the war.</text>
			<change variable = "nextPath" value = "52"/>
		</response>
	</node>
	<node index = "51">
		<text>Some of the dead look to be from the earlier days of the war when supply discipline was less critical, and combat moved faster. You get the sense your soldiers aren't happy about having to pat down rotting corpses, but you've found a few magazines on the dead.</text>
		<change variable = "nextPath" value = "53"/>
	</node>
	<node index = "52">
		<text>You think back to the chaos of the first year of conflict, before either side had used nukes. At the time, you thought things couldn't get much worse.</text>
		<change variable = "nextPath" value = "53"/>
	</node>
	<node index = "53">
		<text>In the point position, Bull stops, and holds up a fist, snapping you out of your thoughts. For a moment you take in the scene, Bull and Beate in front, dim sun shining through the tree cover onto the carpet of fallen leaves. Bull looks back at you, taps his ear. You listen. There's a bird somewhere, aimlessly chirping. Wind scrapes the leaves together.
And, faint rhythmic crunching. You nod at the Sergeant, and move forward slowly, trying to minimize noise. After a moment, you're next to Bull, squatting in a low crouch. Bull puts his right hand on your shoulder, and points towards the sounds. Within moments, a small patrol comes into view, picking their way through the forest in a wedge formation. You see five, headed in your general direction, but it's hard to tell how close they're going to pass. Looking through your binoculars, you see  they're in Ukranian uniforms. Odd they're out this far.
Bull nudges you. "They're coming this way. Bet we can get the drop on them."</text>
		<response>
			<text>"Agreed. Let's take them out."</text>
			<change variable = "nextPath" value = "54"/>
		</response>
		<response>
			<text>"Not worth it. Let them pass."</text>
			<change variable = "nextPath" value = "55"/>
		</response>
	</node>
	<node index = "54">
		<text>You motion the squad forward, and wait for them to crawl up. You tell them about the patrol, their basic trajectory, and your plan to ambush them. You see nods, although Karine is frowning. The team gets into cover. You hunker behind a tree, and wait...</text>
		<change variable = "mapNumber" value = "0"/>
		<change variable = "nextPath" value = "56"/>
		<change variable = "isCombat" value = "1"/>
	</node>
	<node index = "55">
		<text>You ponder for a moment. "Not worth the risk. They're unlikely to notice us, and we've got nothing to gain by taking them out. We're going to let them pass."
Bull looks positively horrified. "Let them pass? Captain, are you kidding? We've got five of the enemy dead to rights, and you're going to let them pass?"
You glare at him. "Yes, Bull. Our mission is to wreck the missile silo. Engaging these men will not further that mission, and will, in fact, waste valuable resources. We're letting them pass."
His upper lip twitches. "Yes, ma'am."
You gather your team and give the order. Beate speaks up. "We're not engaging?"
You shake your head. "No. Not worth the risk." Karine looks relieved.
"We've got a few minutes to get camouflaged. The last thing we want is them sneaking up on us. Find yourself a spot and get to it."
The team scatters, and you settle into a prone position about twenty or thirty years from where you think the Ukrainians will pass through. The damp leaves rustle as you lay down, and you feel cold moisture seeping through the front of your uniform. Eventually the soldiers pass, looking hungry and demoralized. You wait another 20 minutes, then stand. The rest of the squad follows suit, and you move on. </text>
		<response>
			<text>Continue.</text>
			<change variable = "nextPath" value = "70" />
		</response>
	</node>
	<node index = "56">
		<text>The last few gunshots echo through the trees. You turn to the team. "Nice work."
Bull is sporting an ear to ear grin. "Something funny, Sergeant?" you ask.
He shakes his head, still grinning. "No, ma'am. Just feels good to be back in it."
You look around at the rest of the squad. Beate is examining her weapon, Lachlan is frowning at one of the bodies, and Karine looks distraught.</text>
		<response>
			<text>"Something wrong?"</text>
			<change variable = "nextPath" value = "57"/>
		</response>
		<response>
			<text>Let it go.</text>
			<change variable = "nextPath" value = "58"/>
		</response>
	</node>
	<node index = "57">
		<text>She sighs. "No, ma'am. I think I understand why this was the right call. I just don't feel very good about it."</text>
		<response>
			<text>"You'd better get used to it."</text>
			<change variable = "nextPath" value = "59"/>
		</response>
		<response>
			<text>"I understand, but it had to be done."</text>
			<change variable = "nextPath" value = "60"/>
		</response>
	</node>
	<node index = "58">
		<text>You turn to the group.</text>
		<response>
			<text>"Reflect on that combat."</text>
			<change variable = "nextPath" value = "61"/>
		</response>
		<response>
			<text>"Let's get moving"</text>
			<change variable = "nextPath" value = "62"/>
		</response>
	</node>
	<node index = "59">
		<text>You give her a hard look. "This is a combat unit. We're going to be killing people. It's not going to be glamorous. You may not be happy with my choices. But if the choice is between being alive and keeping my hands clean, I'm going to pick the former. Get it?"
Karine holds your gaze for a moment, face tight. "Of course, Captain."</text>
		<change variable = "nextPath" value = "58"/>
	</node>
	<node index = "60">
		<text>You nod. "It's never a great feeling. But it's self-defense. I know it's hard to feel like that when we're the ones attacking, but it's true. Let these men through, and there's a good chance they'd do the same to us, or somebody else on our side. Sometimes the right thing to do doesn't feel like it."
Merle opens her mouth for a moment, then shuts it, shaking her head.</text>
		<change variable = "nextPath" value = "58"/>
	</node>
	<node index = "61">
		<text>"That was about as easy as it's going to get. Consider your performances. We're going to be in much tighter spots than this one before we're back home, and I want everyone sharp." The group nods. "Alright. Let's head out."</text>
		<change variable = "nextPath" value = "63"/>
	</node>
	<node index = "62">
		<text>"Alright! Job's done. Let's keep moving. We've got a lot more ground to cover today."</text>
		<change variable = "nextPath" value = "63"/>
	</node>
	<node index = "63">
		<text>You take what little ammo the soldiers had, and march on, leaving the five corpses bleeding out into the leaves...</text>
		<response>
			<text>Continue.</text>
			<change variable = "nextPath" value = "70"/>
			<increment variable = "ammo" value = "10"/>
		</response>
	</node>
	<node index = "70">
		<text>A few days later, at about noon, the forest breaks and opens up into a large, untilled farm field. Remnants of a past harvest lay in rough piles on the ground. Scrubby grass has sprouted in a number of places, and is retaking the edges. In the distance, a mile or two away, a medium sized farmhouse sits next to a barn. You ask Lachlan to take a look at the farmhouse, and he lifts his rifle to his eyes and scans for a few moments. "Can't see much," he says. "But that doesn't mean there's no one there."
"OK. We'll go through the woods. I doubt anyone's in there, but there's no point in risking it just to save a little time."
An hour or so later, you come up on the farmhouse, and see a jeep parked out front, and smoke coming from the house's chimney.
Lachlan crawls up to you. "This is odd, ma'am."
"How so?"
He shakes his head. "I've scouted this area, looking at setting up a forward operating base on the farm. There's not much value to it. It's far from both sides' lines, and not very accessible. It'd be useful as a temporary strategic point if there was fighting in the area, but... there's not." He shrugs. "It just doesn't make much sense for them to be out here."
You thank Lachlan and consider.
The Ukranian army seems to be gearing up for something, but you're not sure if it's relevant to your mission. With the amount of soldiers you've seen around, taking the farmhouse would probably be doable, and could bring in useful intel and supplies, but you're not sure if it's worth risking your lives.</text>
		<response>
			<text>Assault the base.</text>
			<change variable = "nextPath" value = "71"/>
		</response>
		<response>
			<text>Avoid it.</text>
			<change variable = "nextPath" value = "72"/>
		</response>
	</node>
	<node index = "71">
		<text>You need to know what's going on. You tell everyone the plan, and get into position.</text>
		<change variable = "mapNumber" value = "1"/>
		<change variable = "isCombat" value = "1"/>
		<change variable = "nextPath" value = "73"/>
	</node>
	<node index = "72">
		<text>You move on.  A while later, you overhear Bull talking to Karine. "Good thing the Captain brought us through the woods. We'd have been paste if we'd gone through the field." Karine grimaces, and doesn't respond.</text>
		<change variable = "nextPath" value = "80"/>
		<change variable = "notSiloTip" value = "1"/>
	</node>
	<node index = "73">
		<text>After the area is clear, you find a Ukranian officer hiding in a closet. In broken English, he tells you that Warsaw Pact forces in the area are mobilizing for a major offensive. You ask him about the missile, and he gladly tells you all he knows. He isn't keen on more nukes, either. Apparently, many of the soldiers at the silo are going to be moved once the offensive begins, leaving just a skeleton guard. If you wait a few days, you'll face substantially less resistance.
After you've gotton everything you can out of the officer, you're not sure what to do with him. Beate and Bull want to kill the man before you leave, arguing that he could reveal your actions and put the base on alert. Karine objects, pointing out that the man had surrendered. Lachlan sides with Karine, though he seems fairly indifferent to the whole thing.</text>
		<response>
			<text>Kill the officer</text>
			<change variable = "nextPath" value = "74"/>
			<change variable = "siloTip" value = "1"/>
		</response>
		<response>
			<text>Tie him up and leave him</text>
			<change variable = "nextPath" value = "75"/>
			<change variable = "siloTip" value = "1"/>
		</response>
	</node>
	<node index = "74">
		<text>Bull volunteers to do it. Drawing his pistol, he places it against the officer's head, and the man begins begging in Ukranian. The gun fires, and pink bits of brain explode onto the wooden walls. The officer slumps over, blood dripping from the hole in his head down onto his uniform. Bull turns around grinning, and holsters his weapon. Karine looks disgusted.</text>
		<change variable = "nextPath" value = "76"/>
	</node>
	<node index = "75">
		<text>You tell Bull and Beate you're letting the man live, and Cassidy exhales loudly. "Sure, boss." Holstering his pistol, the two of you tie up the officer, and destroy whatever supplies you can't carry with you.</text>
		<change variable = "nextPath" value = "76"/>
	</node>
	<node index = "76">
		<text>Picking the house and barn clean, you head out, towards the missile silo.</text>
		<response>
			<text>Continue.</text>
			<change variable = "nextPath" value = "80"/>
			<increment variable = "ammo" value = "20"/>
			<increment variable = "medicine" value = "5"/>
		</response>
	</node>
	<node index = "80">
		<text>At some point, you find yourself marching next to Lachlan. "Got any family back home?" you ask.
He nods. "Just my parents. Everyone else is back in South Africa, but I haven't met them."</text>
		<response>
			<text>"You're not British?"</text>
			<change variable = "nextPath" value = "81"/>
		</response>
		<response>
			<text>"You're an immigrant?"</text>
			<change variable = "nextPath" value = "82"/>
		</response>
	</node>
	<node index = "81">
		<text>He gives you a dirty look. "I don't think the Army's drafting non-citizens yet."
"I didn't mean..."
"Yeah. My parents immigrated when I was a baby. I get that a lot."</text>
		<change variable = "nextPath" value = "83"/>
	</node>
	<node index = "82">
		<text>He nods. "Came over when I was a baby."</text>
		<change variable = "nextPath" value = "83"/>
	</node>
	<node index = "83">
		<text>"Mom and Dad got fed up with apartheid, saved up their money, and came over on a freighter. They worked janitor jobs and put me through college. Pretty classic immigrant story. Except then I ended up here."</text>
		<response>
			<text>"What'd you study?"</text>
			<change variable = "nextPath" value = "84"/>
		</response>
		<response>
			<text>"I thought they didn't draft students?"</text>
			<change variable = "nextPath" value = "85"/>
		</response>
	</node>
	<node index = "84">
		<text>"Biology." He gestures back at Karine. "I wanted to go to med school."</text>
		<change variable = "nextPath" value = "86"/>
	</node>
	<node index = "85">
		<text>He laughs dryly. "Yeah, used to be."</text>
		<change variable = "nextPath" value = "86"/>
	</node>
	<node index = "86">
		<text>"And they shipped you up to the front, huh?"
He nods. "I outshot everybody in my recruiting class. I was proud of it, too, until they told me I was getting sniper training. So now the grunts sit around pulling weeds and I go off in the woods looking for officers to shoot. God save the Queen."
You laugh, and walk on.</text>
		<response>
			<text>Continue.</text>
			<change variable = "nextPath" value = "90"/>
		</response>
	</node>
	<node index = "90">
		<text>You arrive at the missile silo, and find it better guarded than you expected. Petrenko seems to have turned it into a full-fledged base. There's a fence set up around the structure, fortified with hastily constructed guard towers, and a number of semi-permanent structures. Bull lets out an appreciative whistle.</text>
		<response>
			<req variable = "siloTip" value = "1"/>
			<text>Wait for the date the Ukranian officer told you about.</text>
			<change variable = "nextPath" value = "91"/>
		</response>
		<response>
			<req variable = "notSiloTip" value = "1"/>
			<text>Scout the area for a few days.</text>
			<change variable = "nextPath" value = "91"/>
		</response>
		<response>
			<text>Attack immediately.</text>
			<change variable = "nextPath" value = "92"/>
		</response>
	</node>
	<node index = "91">
		<text>You retreat back to a secure location, and scout the base for a few days. There's not much to report, until one day Karine comes dashing back from her patrol. "They are moving," she says, catching her breath. "Half of the base is mobilizing. They're using trucks! Something big is happening."
You can't help but feel a pang of anxiety. "Alright," you say, "that makes our job easier. We don't know how long they're going to be gone, so let's make the most of this. Get ready; we'll leave within the hour."</text>
		<change variable = "mapNumber" value = "2"/>
		<change variable = "isCombat" value = "1"/>
		<change variable = "nextPath" value = "93"/>
	</node>
	<node index = "92">
		<text>No time like the present. You have everyone check their gear, and charge in.</text>
		<change variable = "mapNumber" value = "3"/>
		<change variable = "isCombat" value = "1"/>
		<change variable = "nextPath" value = "93"/>
	</node>
	<node index = "93">
		<text>Beate grabs one of the wounded as you near the silo entrance and pushes him up against the wall. He's been shot badly in the thigh, and his fatigues below the leg are soaked in blood. "Access codes, now!" she demands.
The man responds in frightened Ukranian. Beate jams her thumb into the gunshot wound in the man's leg. He screams in pain.</text>
		<response>
			<text>Stop Beate.</text>
			<change variable = "nextPath" value = "94"/>
		</response>
		<response>
			<text>Wait.</text>
			<change variable = "nextPath" value = "95"/>
		</response>
	</node>
	<node index = "94">
		<text>"Beate, enough!" She reluctantly lets the youth go, and he slumps down, clutching his leg and moaning.</text>
		<change variable = "nextPath" value = "96"/>
	</node>
	<node index = "95">
		<text>Before Beate can do anything else, Karine pushes her out of the way. "What the fuck is wrong with you? You expect some Ukranian 17-year-old to speak English?" The youth has slumped over, clutching his leg and moaning.</text>
		<change variable = "nextPath" value = "96"/>
	</node>
	<node index = "96">
		<text>Karine squats and speaks to him in Ukrainian. He nods, looking close to passing out, and responds. She turns to you, shooting Beate another dirty look. "Four-three-seven-eight."
Then, kneeling, she begins opening her medical bag.
"Karine. What are you doing?"
"Dressing his wound. It's the least we can do."
Beate scowls. "We have neither the time nor supplies to help people who want to kill us. You haven't even taken his sidearm."
Bull chimes in. "Fraulein's right. We gotta get in and get out, not fuck around helping the enemy."
Karine doesn't respond, but looks at you.</text>
		<response>
			<text>"They're right."</text>
			<change variable = "nextPath" value = "97"/>
		</response>
		<response>
			<text>"You've got 10 minutes."</text>
			<change variable = "nextPath" value = "98"/>
		</response>
	</node>
	<node index = "97">
		<text>"Karine, we don't have time for this. Even if we did, I'd be skeptical. Leave him, we're going down." The medic looks desperately at the soldier, then stands up. The squad files into the elevator.</text>
		<change variable = "nextPath" value = "99"/>
	</node>
	<node index = "98">
		<text>"You've got 10 minutes, Karine." She nods, and begins working. You turn to the other three. "Set up defensively. I don't want anyone sneaking up on us."
Beate glares at you, and Bull turns away. "I can't fucking believe this!" He sets up his M249 and scans the area, cursing to himself. Beate moves from corpse to corpse, gathering ammo and occasionally slitting throats of the wounded. Lachlan looks at the horizon, and you cover the elevator. The wounded soldier screams a bit, and passes out. Karine works silently, and quickly. After 8 minutes, she stands. "Done." You call the group back, Bull still muttering to himself, and get into the elevator.</text>
		<change variable = "nextPath" value = "99"/>
		<increment variable = "ammo" value = "2"/>
	</node>
	<node index = "99">
		<text>You enter the access code the soldier gave you, and descend to the level Hood told you to go to. The door opens into what looks like a security checkpoint, with tile floors and various desks to process visitors. A number of guards aim their weapons at you as the doors open. Seems like you're in the right place.</text>
		<change variable = "mapNumber" value = "4"/>
		<change variable = "nextPath" value = "100"/>
		<change variable = "isCombat" value = "1"/>
	</node>
	<node index = "100">
		<text>Bull slams a soldiers head into the safety rail, then throws him bodily over the edge, sending the man screaming down the silo. He fires a few rounds after the falling body, yelling expletives at him. Eventually, Cassidy calms, and the five of you gather at the console on the edge of the silo.
"This is the control panel," you say, "destroying this puts the silo out of commission."
Karine jumps in. "Can't they just repair it?" 
You nod. "Probably. But Hood thinks Petrenko doesn't have the knowledge or material to do so." You pry open a panel. "Let's get to work, folks."
Before anyone gets started, Bull speaks up: "Y'know," he says, "we could be really sure if we put a few bullets in the thing." Lachlan, looking very much the 19-year-old, enthusiastically agrees.
Beate frowns. "Waste of ammo."
She's right, but it might be good for morale.</text>
		<response>
			<text>Fire away!</text>
			<change variable = "nextPath" value = "101"/>
		</response>
		<response>
			<text>Destroy the panel by hand</text>
			<change variable = "nextPath" value = "102"/>
		</response>
	</node>
	<node index = "101">
		<text>Karine offers Lachlan her rifle, and he eagerly accepts. You, Bull, and Lachlan take up positions as far back from the console as you can get, and open fire. Screens shatter as bits of metal, dials, and glass fly everywhere, tinkling down through the grate. Sparks fly, and the gunshots echo around the silo until you and Lachlan empty your clips, and you tap Bull to get him to stop. In the relative silence, the console smokes in front of you, and you can't help but grin. Beate shakes her head.</text>
		<change variable = "nextPath" value = "103"/>
		<increment variable = "ammo" value = "-2"/>
	</node>
	<node index = "102">
		<text>"Beate's right. Tearing out the circuit boards will be good enough." You take the butt of your rifle and start smashing at the internals of the computer, crushing circuit boards and ripping out wiring. The others join you, and in a few moments, the interior is gutted, with only a small pile of destroyed silicon at the bottom.</text>
		<change variable = "nextPath" value = "103"/>
	</node>
	<node index = "103">
		<text>Mission accomplished, you gather what supplies you can from the empty base. Time to go home.</text>
		<change variable = "nextPath" value = "104"/>
		<change variable = "gameOver" value = "1"/>
		<change variable = "quitting" value = "1"/>
	</node>




		
			
			

</root>
























